epoch,train_threshold,train_accuracy,train_precision,train_sensitivity_recall,train_specificity,train_f1,train_auroc,train_auprc,train_tn,train_fp,train_fn,train_tp,train_loss,val_threshold,val_accuracy,val_precision,val_sensitivity_recall,val_specificity,val_f1,val_auroc,val_auprc,val_tn,val_fp,val_fn,val_tp,lr
1,0.5,0.7376592782953207,0.4526157217200767,0.7854087452471483,0.7237733241188666,0.5742832319721981,0.8323253532285232,0.5885123306477378,10473,3997,903,3305,0.7840365107992066,0.5,0.796152885335998,0.5318047337278107,0.7971175166297118,0.7958722992583038,0.6379769299023957,0.8711480668205879,0.6657713849098592,2468,633,183,719,0.0001
2,0.5,0.7622336438590855,0.4833500071459197,0.8037072243346007,0.7501727712508639,0.6036590807675145,0.8552491338445084,0.6364135167198591,10855,3615,826,3382,0.7342517341226132,0.5,0.7454409193105171,0.4654459539279386,0.8736141906873615,0.7081586584972589,0.6073217726396917,0.8795846558330729,0.6854491277685636,2196,905,114,788,0.0001
