{
    "best_model_path": "salida_modelado\\modelos\\mejor_modelo_densenet121.pt",
    "best_threshold": 0.6699999999999999,
    "validation": {
        "threshold": 0.6699999999999999,
        "accuracy": 0.8308768423682238,
        "precision": 0.6031164069660861,
        "sensitivity_recall": 0.729490022172949,
        "specificity": 0.8603676233473073,
        "f1": 0.6603110888108379,
        "auroc": 0.8795846558330729,
        "auprc": 0.6854491277685636,
        "tn": 2668,
        "fp": 433,
        "fn": 244,
        "tp": 658
    },
    "test": {
        "threshold": 0.6699999999999999,
        "accuracy": 0.8178865850612042,
        "precision": 0.5766164747564216,
        "sensitivity_recall": 0.7217294900221729,
        "specificity": 0.8458561754272815,
        "f1": 0.6410635155096012,
        "auroc": 0.8793372569180531,
        "auprc": 0.6881744385676912,
        "tn": 2623,
        "fp": 478,
        "fn": 251,
        "tp": 651
    }
}