{
    "best_threshold": 0.73,
    "validation": {
        "threshold": 0.73,
        "accuracy": 0.8348738446165376,
        "precision": 0.6159769008662175,
        "sensitivity_recall": 0.7095343680709535,
        "specificity": 0.871331828442438,
        "f1": 0.6594538897475528,
        "auroc": 0.8834779711286898,
        "auprc": 0.7088326411980571,
        "tn": 2702,
        "fp": 399,
        "fn": 262,
        "tp": 640
    },
    "test": {
        "threshold": 0.73,
        "accuracy": 0.8281289033225081,
        "precision": 0.5978062157221207,
        "sensitivity_recall": 0.7250554323725056,
        "specificity": 0.8581102870041922,
        "f1": 0.655310621242485,
        "auroc": 0.889879954324154,
        "auprc": 0.7064314456423312,
        "tn": 2661,
        "fp": 440,
        "fn": 248,
        "tp": 654
    }
}